Text	Orginalna ocena	Oceniona przez nas	Czy zgadza sie z orginalnÄ… ocenÄ…
Dla mnie faworytem do tytuÅ‚u bÄ™dzie Cracovia. Zobaczymy, czy typ siÄ™ sprawdzi.	0	0	TRUE
@anonymized_account @anonymized_account Brawo ty Daria kibic ma byÄ‡ na dobre i zÅ‚e	0	0	TRUE
@anonymized_account @anonymized_account Super, polski premier skÅ‚ada kwiaty na grobach kolaborantÃ³w. Ale doczekaliÅ›my czasÃ³w.	0	0	TRUE
@anonymized_account @anonymized_account Musi. Innej drogi nie mamy.	0	0	TRUE
Odrzut natychmiastowy, kwaÅ›na mina, mam problem	0	0	TRUE
Jaki on byÅ‚ fajny xdd pamiÄ™tam, Å¼e spÃ³ÅºniÅ‚am siÄ™ na jego pierwsze zajÄ™cia i to sporo i za karÄ™ kazaÅ‚ mi usiÄ…Å›Ä‡ w pierwszej Å‚awce XD	0	0	TRUE
@anonymized_account No nie ma u nas szczÄ™Å›cia ğŸ˜‰	0	0	TRUE
@anonymized_account Dawno kogoÅ› tak wrednego nie widziaÅ‚am xd	0	1	FALSE
@anonymized_account @anonymized_account ZalegÅ‚oÅ›ci byÅ‚y, ale waÅ¼ne czy byÅ‚y wezwania do zapÅ‚aty z ktÃ³rych siÄ™ klub nie wywiÄ…zaÅ‚.	0	0	TRUE
@anonymized_account @anonymized_account @anonymized_account Gdzie jest @anonymized_account . BrudziÅ„ski jesteÅ› kÅ‚amcÄ… i marnym kutasem @anonymized_account	1	1	TRUE
@anonymized_account @anonymized_account  no mam nadzieje !!:)	0	0	TRUE
@anonymized_account @anonymized_account MoÅ¼e gustowaÅ‚ w starszych paniach ;-)	0	1	FALSE
"@anonymized_account ZostawiÅ‚am tam 3 lata temu \""Notatki na mankietach\"". MuszÄ™ siÄ™ wrÃ³ciÄ‡."	0	0	TRUE
"@anonymized_account Oprawa do Krzysia M. Ps Pinokio -\n\"" mogÅ‚eÅ› byÄ‡ gangsterem a zostaÅ‚eÅ› 3 ligowym frajerem \""ğŸ˜€"	0	0	TRUE
@anonymized_account @anonymized_account Znowu bÄ™dzie komunikat o polskich piratach drogowych w SÅ‚owacji.	0	0	TRUE
@anonymized_account MÃ³wi czÅ‚owiek, ktÃ³ry chciaÅ‚ naÅ‚oÅ¼yÄ‡ sankcje na PolskÄ™. Gratulacje. #Niepodlegla #11lisopada	0	0	TRUE
RT @anonymized_account @anonymized_account MÃ³wi czÅ‚owiek, ktÃ³ry chciaÅ‚ naÅ‚oÅ¼yÄ‡ sankcje na PolskÄ™. Gratulacje. #Niepodlegla #11lisopada	0	0	TRUE
"@anonymized_account @anonymized_account o jakim zachowaniu \""fer\"" mÃ³wisz skoro ukrywaÅ‚ siÄ™ z tym Å¼e podpisaÅ‚ kontrakt z LegiÄ… ? MoÅ¼esz rozwinÄ…Ä‡ ?"	0	0	TRUE
@anonymized_account @anonymized_account Joanno! Po raz pierwszy siÄ™ z paniÄ… zgadzam.ğŸ˜ğŸ˜ğŸ˜ğŸ˜ğŸ˜	0	0	TRUE
Monster block, monster block, monster block... ğŸ˜	0	0	TRUE
@anonymized_account CzyÅ¼by Madryt braÅ‚ przykÅ‚ad z Warszawy?	0	0	TRUE
@anonymized_account @anonymized_account No to SkoÅ„czmy kurwa z tym wersalem w j...ej szczujni	1	0	FALSE
@anonymized_account Nie wiem, najczÄ™Å›ciej grajÄ… na zmianÄ™ na prawym skrzydle.	0	0	TRUE
@anonymized_account No to Pan i koledzy macie z gÅ‚owy. Przesrane tak reszta Å¼ycia pod gÃ³rkÄ™.	0	0	TRUE
@anonymized_account A ja obstawiam, Å¼e pÃ³jdÄ… bardziej w stronÄ™ tego, Å¼e moÅ¼e siÄ™ powtÃ³rzyÄ‡ sytuacja z MeresiÅ„skim.	0	0	TRUE
Aaaaa Kuba mi odpisaÅ‚ hehehehehe	0	0	TRUE
Asysta Kacpra Falona i 3:1 dla Widzewa. Witamy Widzew w II lidze. No i w sumie fajnie.	0	0	TRUE
@anonymized_account gwizdali na niego ? Bo nie oglÄ…daÅ‚em meczu :)	0	0	TRUE
@anonymized_account @anonymized_account ale moÅ¼e w koÅ„cu dojdzie do wniosku Å¼e skoro go klub juÅ¼ nie jara to lepiej go sprzedaÄ‡ i mieÄ‡ po kÅ‚opocie	0	0	TRUE
@anonymized_account @anonymized_account Hej halo, o czym to jest bo mam na swojej liÅ›cie i nie wiem czy warto??	0	0	TRUE
dorosÅ‚e Å¼ycie nie jest dla mnie	0	0	TRUE
RT @anonymized_account dorosÅ‚e Å¼ycie nie jest dla mnie	0	0	TRUE
@anonymized_account CzeÅ›Ä‡ Paderewski, czÄ™Å›Ä‡ opalajÄ…ce siÄ™ nogi	0	0	TRUE
@anonymized_account @anonymized_account @anonymized_account UprowadÅº gumowÄ… kaczuszkÄ™. Zacznie negocjowaÄ‡.	0	0	TRUE
@anonymized_account JuÅ¼ wiem ze siÄ™ nie dogadamy XD	0	0	TRUE
@anonymized_account Ale to w nowym przekÅ‚adzie, jeszcze nie czytaÅ‚am.	0	0	TRUE
@anonymized_account Lahoza mi nigdy nie szkoda. WolÄ™, jak na pierwszym planie sÄ… piÅ‚karze, a nie sÄ™dzia :-)	0	0	TRUE
@anonymized_account @anonymized_account SprawdÅº chÅ‚opie w sÅ‚owniku co oznacza sÅ‚owo , ktÃ³rego uÅ¼ywasz a potem siÄ™ odzywaj.	0	0	TRUE
@anonymized_account zmieÅ„cie se nazwe na profilu na insta bo siÄ™ nazywacie Grzegorz OÅ¼Ã³g...	0	0	TRUE
#Woronicza 17 poseÅ‚ Halicki oburzony za Bolka.NaprawdÃ¨ taki tÄ™py czy tylko udaje idiotÄ™?	1	1	TRUE
â€Ta aktorka ma 20 lat?!?! Jaka stara!!â€ \n\nChyba musimy siÄ™ juÅ¼ do grobu pakowaÄ‡ roczniku 98 ğŸ˜‚ğŸ‘ŒğŸ»	0	0	TRUE
RT @anonymized_account â€Ta aktorka ma 20 lat?!?! Jaka stara!!â€ \n\nChyba musimy siÄ™ juÅ¼ do grobu pakowaÄ‡ roczniku 98 ğŸ˜‚ğŸ‘ŒğŸ»	0	0	TRUE
Ahnherr der SchtwÃ¤tzer wykonawcy Von Spar\nhttps://t.co/SOtenSqIr0	0	0	TRUE
@anonymized_account @anonymized_account @anonymized_account Bierze cie cie pod chuj a ty sie produkujesz	0	0	TRUE
@anonymized_account @anonymized_account @anonymized_account Jak narazie to masz przywidzenia co nie zmienia faktu Å¼e caÅ‚y czas jesteÅ› idiotÄ….	1	1	TRUE
@anonymized_account Kiedy do licznika dojdÄ… bilety z fan clubow?	0	0	TRUE
@anonymized_account A kto prowadzi zespÃ³Å‚ ? BÄ™dzie podany skÅ‚ad z tego meczu ?	0	0	TRUE
@anonymized_account GÅ‚Ã³wny powÃ³d to brak kasy, trzeba daÄ‡ bogatym 500+,300+ i byÄ‡ bez godnoÅ›ci i honoru	0	0	TRUE
ZrobiÅ‚am takie Cv Å¼e ohohohoho	0	0	TRUE
ÅšwiÄ™towaÄ‡ uchwalenie Konstytucji 3 maja i Å‚amaÄ‡ KonstytucjÄ™ RP obecnie obowiÄ…zujÄ…cÄ…?!\n#3Maja - dzieÅ„ hipokryzji.	0	0	TRUE
RT @anonymized_account ÅšwiÄ™towaÄ‡ uchwalenie Konstytucji 3 maja i Å‚amaÄ‡ KonstytucjÄ™ RP obecnie obowiÄ…zujÄ…cÄ…?!\n#3Maja - dzieÅ„ hipokryzji.	0	0	TRUE
@anonymized_account @anonymized_account nie gra bo jest JovanoviÄ‡ i Guilherme	0	0	TRUE
@anonymized_account O tej godz. sporty szanuj ciaÅ‚o	0	0	TRUE
Nikt nigdy nie rozsiewaÅ‚ takiego smrodu jak @anonymized_account	1	1	TRUE
Nikt ciÄ™ tak dobrze nie ubierze jak matka chrzestna dziecino	0	0	TRUE
@anonymized_account @anonymized_account Nikt tutaj nie chce plagiaciarzy kopiujÄ…cych brytyjskich pisarzy.	0	0	TRUE
@anonymized_account A ksiÄ…dz co bierze 12 tyÅ› za spowiedÅº przez tel?	0	0	TRUE
@anonymized_account KoÅ„ teÅ¼ ma duÅ¼Ä… gÅ‚owÄ™. Tylko wydaje mi siÄ™, Å¼e jest bardziej inteligentny niÅ¼ Karczewski	0	1	FALSE
@anonymized_account Pod i gÃ³rÄ™  pod wiatr to wiÄ™cej niÅ¼ k2	0	0	TRUE
@anonymized_account SÄ™dziowie VAR nie decydujÄ… o karnych ğŸ˜‰	0	0	TRUE
"JakiÅ› program na TVN, nauka jazdy za kierownicÄ… babcia Å›piewa \""jadÄ… jadÄ… jadÄ… Å›wiry jadÄ…\"" jadÄ… jadÄ… jadÄ… Å›wiry jadÄ…\"""	0	0	TRUE
@anonymized_account ta obecna Zary Larsson czy Pitbulla z ostatnich MÅš nie byÅ‚y zÅ‚e :)	0	0	TRUE
(280 znakÃ³w w jednym zdaniu ğŸ™ˆ)	0	0	TRUE
@anonymized_account po wahaniach wagi Kwacha wznoszÄ™ Å¼e to moÅ¼e byÄ‡ kapuÅ›cianka	0	0	TRUE
@anonymized_account @anonymized_account w tym sezonie razem z pucharem 12 meczy i 1 gol.MÃ³jta wiÄ™cej strzeliÅ‚.Sorry patrze w statystyki.	0	0	TRUE
@anonymized_account @anonymized_account @anonymized_account finaÅ‚y tblk byÅ‚y przyzwoicie sÄ™dziowane ?! Aha...	0	0	TRUE
@anonymized_account Taki miaÅ‚am wÅ‚aÅ›nie, teraz kupiÅ‚am z catrice	0	0	TRUE
@anonymized_account to ich wymieÅ„.W czym problem ?	0	0	TRUE
@anonymized_account @anonymized_account @anonymized_account a ja mam ciepeÅ‚ko jak siÄ™ przytule do swoich kotÃ³w :)	0	0	TRUE
@anonymized_account WÅ‚aÅ›nie. Ilu! Najpierw odpowiedzmy sobie ma to pytanie,a potem dziwmy siÄ™ zwyciÄ™stwu Zdanowskiej	0	0	TRUE
@anonymized_account W jego przypadku statystyka przebiegniÄ™tych kilometrÃ³w nie ma znaczenia. Czy gra zajebiÅ›cie, czy fatalnie, biega tyle samo.	0	0	TRUE
@anonymized_account @anonymized_account 100%, Mann teÅ¼ miaÅ‚ peÅ‚ne prawo	0	0	TRUE
@anonymized_account KoÅ„czyÅ‚eÅ› juÅ¼ kilka razy ğŸ˜‚	0	0	TRUE
@anonymized_account Dzisiaj zajmujemy siÄ™ WARiatem KrystynÄ… ciekawe czy bÄ™dzie pÅ‚akaÅ‚?	0	0	TRUE
@anonymized_account @anonymized_account @anonymized_account @anonymized_account A co bÄ™dzie jak Kuba nigdy niewroci?	0	0	TRUE
@anonymized_account Tym w sejmie teÅ¼? Banda hipokrytÃ³w i zÅ‚odziei.	0	0	TRUE
W kaÅ¼dej z czterech grup bÄ™dzie walka o zwyciÄ™stwo premiowane awansem do CLJ. Bardzo potrzebne rozwiÄ…zanie, brawo.	0	0	TRUE
@anonymized_account Tak siÄ™ poznaÅ‚am z moim chÅ‚opakiem ğŸ˜‚ czasami warto	0	0	TRUE
@anonymized_account nelly furtado a tytuÅ‚ forco czy cos takiego	0	0	TRUE
@anonymized_account MÃ³w prawdÄ™, kto was skrzywdziÅ‚	0	0	TRUE
@anonymized_account jestem tu od 2013 xd	0	0	TRUE
@anonymized_account Ta kadra to rocznik 2002	0	0	TRUE
Posiada sensor CGM , ciÄ…gÅ‚y monitoring glikemii, w koÅ„cu.	0	0	TRUE
Jeszcze Å¼aden Polak nie wystÄ…piÅ‚ w meczu gwiazd NBA, nie liczÄ…c Mietka Paciaciaka ;) PomÃ³Å¼my Marcinowi Gortatowi byÄ‡ 1 @anonymized_account #NBAVOTE	0	0	TRUE
RT @anonymized_account Jeszcze Å¼aden Polak nie wystÄ…piÅ‚ w meczu gwiazd NBA, nie liczÄ…c Mietka Paciaciaka ;) PomÃ³Å¼my Marcinowi Gortatowi byÄ‡ 1â€¦	0	0	TRUE
@anonymized_account No kurwa myÅ›laÅ‚em Å¼e na Podlasiu	0	0	TRUE
@anonymized_account @anonymized_account Tak, to nawet lepsze rozwiÄ…zanie.	0	0	TRUE
@anonymized_account @anonymized_account KoÅ„ by siÄ™ uÅ›miaÅ‚, TVN24 i TVN wolne media? Bardziej perfidnego Å‚garstwa nie sÅ‚yszaÅ‚em.. ğŸ¤”	0	0	TRUE
RT @anonymized_account @anonymized_account @anonymized_account KoÅ„ by siÄ™ uÅ›miaÅ‚, TVN24 i TVN wolne media? Bardziej perfidnego Å‚garstwa nie sÅ‚yszaÅ‚em.. ğŸ¤”	0	0	TRUE
@anonymized_account Gdzie ja wtedy byÅ‚am? ;-)	0	0	TRUE
@anonymized_account @anonymized_account @anonymized_account Midze sie nudziÅ‚o i se coÅ› na kolanie napisaÅ‚ i macie sensacje	0	0	TRUE
@anonymized_account Dzisiaj wrÃ³ciÅ‚ do treningÃ³w, czyli zdÄ…Å¼yli ğŸ˜‰	0	0	TRUE
@anonymized_account @anonymized_account @anonymized_account @anonymized_account Nie wiem, zerknij na 90minut	0	0	TRUE
@anonymized_account @anonymized_account Z motÅ‚ochem nie dyskutujÄ™ tylko daje bany. A Pani @anonymized_account gratulujÄ™ obroÅ„cy.	0	0	TRUE
@anonymized_account moÅ¼esz teÅ¼ zawsze po prostu zapytaÄ‡ kiedy siÄ™ urodziÅ‚am. Albo wpisaÄ‡ hasztag #100latKasiaPawlak ;-)	0	0	TRUE
@anonymized_account ale z kategoriami moim zdaniem przesadzajÄ….Sponsor roku, serce, impreza ? Bez jaj	0	0	TRUE
@anonymized_account Prezes siÄ™ cieszy ze Wisla odpadÅ‚a bo w razie finaÅ‚u Legia-Wisla znÃ³w by musiaÅ‚ finaÅ‚ odwoÅ‚ywaÄ‡	0	0	TRUE
Bratowa wysÅ‚aÅ‚a mi zdjÄ™cie bratanicy z rozpoczÄ™cia roku, idzie do pierwszej klasy, biedactwo nie wie co jÄ… czeka	0	0	TRUE
@anonymized_account szybkie pytanie do @anonymized_account RÄ™ka Sadloka byÅ‚a zagraniem umyÅ›lnym ?	0	0	TRUE
@anonymized_account DzieÅ„ w ktÃ³rym Abidal sprzedaÅ‚ i kupiÅ‚ A.Vidala ğŸ˜‰	0	0	TRUE
@anonymized_account RÃ³wnie dobrze moÅ¼na gola straciÄ‡ :)	0	0	TRUE
@anonymized_account Chorwaci przerÅ¼nÄ… w koÅ„cÃ³wce dogrywki, wiadomo.	0	0	TRUE
@anonymized_account Nasze dzieci bÄ™dÄ… zdegustwani, byÅ‚ taki PiS, taki @anonymized_account , historia populizmu i gÅ‚upoty w latach 2015-2019, margines	0	0	TRUE
"@anonymized_account O, myÅ›laÅ‚am, Å¼e nikt juÅ¼ nie uÅ¼ywa \""mnie\"" tylko \""mi\""."	0	0	TRUE
@anonymized_account @anonymized_account @anonymized_account Na nowym stadionie West Hamu teÅ¼ to widziaÅ‚em.	0	0	TRUE
@anonymized_account @anonymized_account zawodnik w sezonie moÅ¼e graÄ‡ w barwach dwÃ³ch klubÃ³w wiÄ™c jeszcze nic straconego :)	0	0	TRUE
ciekawe czy faktycznie jest taki zakÅ‚ad bo jeÅ›li tak to nieÅºle XD	0	0	TRUE
@anonymized_account Hehe, do gazu, hehe jeszcze jakieÅ› emotikony wrzuÄ‡	1	1	TRUE
Qrwa!! I niech mi nikt nie mÃ³wi, Å¼e czary to jakiÅ› zabobon!! ChÅ‚opaki majÄ… sztywne nogi!	0	0	TRUE
Od 01.10.2018 kaÅ¼de sprawozdanie finansowe w formie elektronicznej, zgodne ze strukturÄ… jpk	0	0	TRUE
Na TVP KrakÃ³w padÅ‚a wÅ‚aÅ›nie informacja Å¼e rozmowy z potencjalnym kupcem WisÅ‚y przeÅ‚oÅ¼ony z dziÅ› na jutro.	0	0	TRUE
RT @anonymized_account Na TVP KrakÃ³w padÅ‚a wÅ‚aÅ›nie informacja Å¼e rozmowy z potencjalnym kupcem WisÅ‚y przeÅ‚oÅ¼ony z dziÅ› na jutro.	0	0	TRUE
@anonymized_account NIECH JESZCZE DADZÄ„ LEKTORA I NA GÅÃ“WNA POSTAÄ† MÃ“WIÄ„ NADZIEJA	0	0	TRUE
RT @anonymized_account @anonymized_account NIECH JESZCZE DADZÄ„ LEKTORA I NA GÅÃ“WNA POSTAÄ† MÃ“WIÄ„ NADZIEJA	0	0	TRUE
@anonymized_account Nie no ludzie, Å¼eby robiÄ‡ artykuÅ‚ na temat jednego tweeta ?...	0	0	TRUE
@anonymized_account Jak powiem, Å¼e pierwsze sÅ‚ysze, to bÄ™dzie kompromitacja czy nie? ğŸ˜„	0	0	TRUE
@anonymized_account UsuÅ„ konto, wytrzeÅºwiej buduj od nowa	0	1	FALSE
@anonymized_account @anonymized_account @anonymized_account Sekta, cha, cha, cha, obudÅº siÄ™ z hipnozy, jesteÅ› bolszewikiem	1	1	TRUE
Nie wstanÄ™ kurde nie ma opcji	0	0	TRUE
@anonymized_account @anonymized_account Spokojnie, u mnie teÅ¼ Kaczarawa na kapitanie + CvijanoviÄ‡ :)	0	0	TRUE
niech Å‚adny chÅ‚opiec z krÄ™conymi wÅ‚osami do mnie napisze: jutro, zaraz, teraz	0	0	TRUE
RT @anonymized_account niech Å‚adny chÅ‚opiec z krÄ™conymi wÅ‚osami do mnie napisze: jutro, zaraz, teraz	0	0	TRUE
@anonymized_account im ktoÅ› gorzej widzi, dÅ‚uÅ¼ej musi czekaÄ‡, choÄ‡ ten, ktÃ³ry widzi lepiej, dÅ‚uÅ¼ej poradzi sobie bez okularÃ³w. ğŸ˜¨	0	0	TRUE
@anonymized_account Oj, no to powodzenia! Co tam bÄ™dziesz musiaÅ‚a robiÄ‡? ğŸ¤­	0	0	TRUE
@anonymized_account @anonymized_account @anonymized_account @anonymized_account Chyba nie, Marcin mÃ³wiÅ‚ coÅ› o '89.	0	0	TRUE
@anonymized_account Przeczytaj mojego kolejnego twitta to zobaczysz, Å¼e nie umknÄ™Å‚o i co sÄ…dze o poziomie tego meczu.	0	0	TRUE
@anonymized_account Tylko nie w dupÄ™, to dla niektÃ³rych z nich byÅ‚aby przyjemnoÅ›Ä‡.	0	0	TRUE
@anonymized_account @anonymized_account WidaÄ‡ chcÄ… wiecej polskich mord gotujacych koninÄ™	0	0	TRUE
@anonymized_account No to jak siÄ™ przegrywa caÅ‚y czas to lepiej przestaÄ‡ graÄ‡ :)	0	0	TRUE
@anonymized_account @anonymized_account @anonymized_account WidzÄ™, Å¼e sami siÄ™ znajdujÄ….	0	0	TRUE
@anonymized_account Napewno mam niezaktualizowanego moÅ¼e dlatego	0	0	TRUE
@anonymized_account @anonymized_account Smokowski mÃ³wiÅ‚ Å¼e WisÅ‚a ma piÅ‚karzy 3 sortu, a Wieszczycki deprecjonowaÅ‚ dobrÄ… prace Kiko	0	0	TRUE
wiÄ™c zaczynam oglÄ…daÄ‡ Do wszystkich chÅ‚opcÃ³w, ktÃ³rych kochaÅ‚am bo wszyscy o tym mÃ³wiÄ… i aÅ¼ chcÄ™ to sprawdziÄ‡	0	0	TRUE
@anonymized_account Ban,ban i jeszcze raz ban! Co za prymitywne dno!	0	1	FALSE
@anonymized_account @anonymized_account Jasne, bo debile oglÄ…dajÄ…cy tvpis pÅ‚aczÄ… tylko na m jak miÅ‚oÅ›Ä‡	1	1	TRUE
@anonymized_account @anonymized_account @anonymized_account W stop klatkach widaÄ‡ ze jak by to byÅ‚o po stronie drugiej (legi) to karny by byÅ‚	0	0	TRUE
Zdrady stanu to Donald Tusk dopuÅ›ciÅ‚ siÄ™ juÅ¼ w 2010 r kiedy dodaÅ‚ Rosjanom Å›ledztwo w sprawie katastrofy smoleÅ„skiej.	1	0	FALSE
@anonymized_account Na marginesie jestem cÃ³rkÄ… biskupa	0	0	TRUE
@anonymized_account Przejdzie historii: jak tworzyÄ‡ kÅ‚amstwo w dobie powszechnego dostÄ™pu do informacji	0	0	TRUE
@anonymized_account Od ok 8 lat uÅ¼ywam kolejnych modeli HTC i nigdy mnie nie zawiodÅ‚y.	0	0	TRUE
@anonymized_account @anonymized_account Ty siÄ™ oszuÅ›cie i kÅ‚amco od nas odpierdol. My sobie damy radÄ™ bez twoich kÅ‚amstw	1	1	TRUE
@anonymized_account @anonymized_account @anonymized_account odwaÅ¼ne sÅ‚owa jak na legioniste! ğŸ˜‚ğŸ˜‚ğŸ˜‚	0	0	TRUE
@anonymized_account @anonymized_account ZaÅ‚atwi to jedno gÅ‚osowanie w sejmie i Å¼adne demonstracje nie bÄ™dÄ… miaÅ‚y na to wpÅ‚ywu.	0	0	TRUE
@anonymized_account @anonymized_account @anonymized_account KrzyÅ¼ celtycki w Irlandii debilu ma kompletnie inne znaczenie niÅ¼ u neofaszystÃ³w.	0	1	FALSE
@anonymized_account CoÅ› w tym jest,bo ja teÅ¼ğŸ˜ğŸ˜ğŸ˜. I jeszcze bym dodaÅ‚ DominisiÄ™ W. ktÃ³rej infantylizm mnie totalnie osÅ‚abia.	0	0	TRUE
@anonymized_account @anonymized_account Gdzie oni znajdujÄ… takich dupkÃ³w	0	1	FALSE
mÃ³j stres zaczÄ…Å‚ siÄ™ stresowaÄ‡ swoim wÅ‚asnym stresem, ktÃ³re rÃ³wnieÅ¼ siÄ™ stresuje ja pierdole doÅ›Ä‡	0	0	TRUE
RT @anonymized_account mÃ³j stres zaczÄ…Å‚ siÄ™ stresowaÄ‡ swoim wÅ‚asnym stresem, ktÃ³re rÃ³wnieÅ¼ siÄ™ stresuje ja pierdole doÅ›Ä‡	0	0	TRUE
@anonymized_account @anonymized_account @anonymized_account @anonymized_account @anonymized_account dojdzie Brlek, StiliÄ‡ wrÃ³ci do formy, obcokrajowcy siÄ™ zaaklimatyzujÄ… i bedzie dobrzeğŸ’ª	0	0	TRUE
@anonymized_account @anonymized_account @anonymized_account Brawo grzechu za TwÃ³j powrÃ³t do Å¼ywych\n W Rosji pokaÅ¼ swojÄ… moc	0	0	TRUE
@anonymized_account @anonymized_account @anonymized_account @anonymized_account Wonder!! Chyba ciÄ™....ğŸ˜ğŸ˜ğŸ˜ğŸ˜ğŸ˜.No dobra. Na jaki?ğŸ˜ğŸ˜ğŸ˜	0	0	TRUE
@anonymized_account Ja mam uczulenie na dobrÄ… zmianÄ™, ale to dÅ‚uÅ¼sza historiac	0	0	TRUE
@anonymized_account RÃ³Å¼nicy nie ma, bo pisali wtedy, Å¼e nie moÅ¼na zsyÅ‚aÄ‡ zawodnikÃ³w do rezerw ;P	0	0	TRUE
@anonymized_account Å»al ci biedaku??? Gdyby nie KaczyÅ„ski to by je twoi przyjaciele z PO rozkradl	1	1	TRUE
RT @anonymized_account @anonymized_account Å»al ci biedaku??? Gdyby nie KaczyÅ„ski to by je twoi przyjaciele z PO rozkradl	1	1	TRUE
Dobry dzieÅ„ na przypomnienie sobie genezy gwiazdek na fladze #UE #deklaracjaRzymska	0	0	TRUE
Sekta kurwa, jakaÅ› niepojÄ™ta radoÅ›Ä‡, kaÅ¼de konto pisdzielskie tylko o jednym	1	1	TRUE
@anonymized_account @anonymized_account Nie wierzÄ™, bez zaÅ›wiadczenia od proboszcza?	0	0	TRUE
@anonymized_account I chyba wtedy byÅ› niezaprzeczyla?	0	0	TRUE
@anonymized_account Tak naprawdÄ™ czy bÄ™dziemy w spadkowej czy mistrzowskiej to i tak czekajÄ… nas sparingi.	0	0	TRUE
@anonymized_account JebaÄ‡, jebaÄ‡, nic siÄ™ nie baÄ‡.	1	1	TRUE
@anonymized_account Jakiej pracy, ty juÅ¼ pajacu nie wiesz na czym siÄ™ lansowaÄ‡. Sejm nie pracuje.	1	1	TRUE
Kilogramy rozmnaÅ¼ajÄ… siÄ™ przez pÄ…czkowanie ğŸ˜£ğŸ˜–\n#TÅ‚ustyCzwartek	0	0	TRUE
@anonymized_account @anonymized_account Nie dziaÅ‚ajÄ… i lepiej dziaÅ‚aÄ‡ szybko bo klienci nie maja dostÄ™pu do Å›rodkÃ³w na kontach	0	0	TRUE
@anonymized_account @anonymized_account @anonymized_account jutro walczycie ? Normalnie rycerze ! A gdzie byliÅ›cie wczeÅ›niej ? A zapomniaÅ‚em Å¼e nie o L chodziÅ‚o	0	0	TRUE
@anonymized_account Ale to gÅ‚upie, rdzennie gÅ‚upie, bardziej gÅ‚upie juÅ¼ byÄ‡ nie moÅ¼e	0	0	TRUE
@anonymized_account SzczegÃ³lnie Vestenicky.Podczas wypoÅ¼yczenia nic nie pokazaÅ‚ a go wykupili za 500 tys euro ğŸ˜‚ğŸ‘	0	0	TRUE
@anonymized_account JuÅ¼ siÄ™ bojÄ™. Postraszy mnie Pan kolegami narodowcami?	0	0	TRUE
@anonymized_account Co nie byÅ‚o blisko? Bo nie rozumiem.	0	0	TRUE
@anonymized_account @anonymized_account A od kiedy komentatorzy na Sky to wyrocznia?	0	0	TRUE
@anonymized_account @anonymized_account Nazwisko tego babskağŸ˜ğŸ˜ğŸ˜ğŸ˜. Bo Wczoraj byÅ‚ na MOğŸ˜ğŸ˜ğŸ˜€	0	0	TRUE
@anonymized_account Zbiera siÄ™ do kontrataku, dla swojego pryncypala pÃ³jdzie w bÃ³j, patrityczna dusza,  co nie @anonymized_account ?	0	0	TRUE
@anonymized_account a w kolejnych fajnie jakby graÅ‚ na lewej za Sadloka @anonymized_account	0	0	TRUE
@anonymized_account byÅ‚em w pracy ale zaraz odpalam meczyk na yt.DziÄ™ki za walke !!!!:)	0	0	TRUE
@anonymized_account @anonymized_account jakie 0 motywacji ? Jest chyba rÃ³Å¼nica mieÄ‡ medal albo go niemieÄ‡	0	0	TRUE
@anonymized_account Niby nie macie czy niby nie mit? ğŸ˜‚ğŸ˜‚	0	0	TRUE
@anonymized_account Ja bym byÅ‚ ostroÅ¼nyğŸ˜ğŸ˜ğŸ˜A jak ma na imiÄ™?	0	0	TRUE
@anonymized_account @anonymized_account @anonymized_account Tak to jest jak ktoÅ› nie wie do ktÃ³rego lekarza iÅ›Ä‡ najpierw.	0	0	TRUE
@anonymized_account @anonymized_account No nie dziwie siÄ™ w sumie. Dobrze, Å¼e tylko raz dzwoniÅ‚	0	0	TRUE
@anonymized_account @anonymized_account Wasz Å›wiat? To siÄ™ w nim zamknijcie i nie wystawiajcie nosa.	0	0	TRUE
@anonymized_account @anonymized_account PrzyjaciÃ³Å‚ to niech on sobie szuka za swoje prywatne pieniÄ…dze. I niech robi z siebie idiotÄ™ na wÅ‚asny rachunek.	0	0	TRUE
imagine sie komus podobac??? ze ktos sie stara o TWOJA uwage??? canâ€™t relate	0	0	TRUE
RT @anonymized_account imagine sie komus podobac??? ze ktos sie stara o TWOJA uwage??? canâ€™t relate	0	0	TRUE
@anonymized_account @anonymized_account @anonymized_account a Portugalia jak zagraÅ‚a ?	0	0	TRUE
"Pierwsze zdanie: \""Paczka papierosÃ³w kosztuje 4 miliardy marek\"".\n#JajoWÄ™Å¼a teraz na @anonymized_account"	0	0	TRUE
@anonymized_account @anonymized_account No to tym bardziej :)	0	0	TRUE
@anonymized_account Ja przynajmniej mam profilowe i nie chowam siÄ™ za awatarem. Ale bohaterÃ³w MW na to nie staÄ‡ i w sumie nic w tym dziwnego.	0	0	TRUE
@anonymized_account Czego siÄ™ spodziewaÄ‡ po czÅ‚onku Å¼ydowskiego amerykaÅ„skiego lobby. Lata na kolanach przed Å¼ydami zrobiÅ‚o swoje.	1	1	TRUE
RT @anonymized_account @anonymized_account Czego siÄ™ spodziewaÄ‡ po czÅ‚onku Å¼ydowskiego amerykaÅ„skiego lobby. Lata na kolanach przed Å¼ydami zrobiÅ‚o swojâ€¦	1	1	TRUE
@anonymized_account Co ty czÅ‚owieku pijesz z rana?	0	1	FALSE
@anonymized_account @anonymized_account pewnie narzÄ…dy teÅ¼ wkrÃ³tce sprzeda :D	0	0	TRUE
@anonymized_account w zeszÅ‚ym sezonie to samo pisaÅ‚eÅ› ?	0	0	TRUE
Picie to przyszÅ‚oÅ›Ä‡, piÄ™kna i nieznana, szukajcie zapomnienia, prÃ³bujcie rÃ³Å¼nych trunkÃ³w, Å‚Ä…czcie Å›rodki psychoaktywne, powodzenia	1	0	FALSE
@anonymized_account Ale ty jesteÅ› Å¼enujÄ…cy. Dno metr muÅ‚u.	1	1	TRUE
@anonymized_account spoko, nigdy nie daje unfollow aktywnym ludziom, tylko tym, ktÃ³rzy nie piszÄ… nic od miesiÄ™cy albo dali mi unfollow	0	0	TRUE
"\""- Co to jest tajmlajn na fejsie?\n- Zmarszczki\""."	0	0	TRUE
@anonymized_account moÅ¼e trzeba chÅ‚opakÃ³w na crossfit zabieraÄ‡ ?:)	0	0	TRUE
@anonymized_account znacznie bliÅ¼ej jest mi muzuÅ‚manin  czy indus, niÅ¼ katolicka, Å‚ysa swoÅ‚ocz ze wschodu europy, do tego rasistowska	1	1	TRUE
Dzisiaj o 18.00 Strefa Kibica w Radiu Akadera. Zapraszamy.	0	0	TRUE
@anonymized_account Nie powinno byÄ‡ Åºle o ile siÄ™ utrzymamy :P	0	0	TRUE
@anonymized_account Spokojnie trzeba ta poraÅ¼kÄ™ wziÄ…Å›Ä‡ na klatÄ™ mecz siÄ™ tak uÅ‚oÅ¼yÅ‚ nie inaczej napewno gorsi duÅ¼o my niebyli.	0	0	TRUE
@anonymized_account Ale siÄ™ cieszÄ…. Wreszcie koniec i bÄ™dzie moÅ¼na wypiÄ‡ te.zapasy z plecaka.	0	0	TRUE
@anonymized_account @anonymized_account OfertÄ™ przedÅ‚uÅ¼enis kontraktu ponoÄ‡ dostaÅ‚ od WisÅ‚y, ale jej nie zaakceptowaÅ‚.	0	0	TRUE
DziÅ› o godz. 20:00 Prezydent RP wygÅ‚osi orÄ™dzie.	0	0	TRUE
RT @anonymized_account DziÅ› o godz. 20:00 Prezydent RP wygÅ‚osi orÄ™dzie.	0	0	TRUE
@anonymized_account myÅ›laÅ‚em Å¼e siÄ™ przychodzi na stadion dla druÅ¼yny a nie na poszczegÃ³lnych piÅ‚karzy	0	0	TRUE
@anonymized_account kibicom chodzi raczej o postawe dziennikarzy a nie klubu.	0	0	TRUE
@anonymized_account @anonymized_account Nie trzeba AlgierczykÃ³w, wystarczy kilku polskich katechetÃ³w.	0	0	TRUE
@anonymized_account Barcelona z Messim (ta obecna) by taki mecz wygraÅ‚a 1:0, albo jakiÅ› Suarez by coÅ› wcisnÄ…Å‚ :P	0	0	TRUE
@anonymized_account @anonymized_account TW Wolfgang, TW Faraon i TW Rycerz,TW Balbina, TW MichaÅ‚ \nKto mieczem wojuje, ten od pochwy ginie	0	0	TRUE
@anonymized_account @anonymized_account Zgadza siÄ™ ale przecieÅ¼ nas niestac Å¼eby komin pÅ‚acowy zaczÄ…Ä‡ od.carlitosa	0	0	TRUE
@anonymized_account @anonymized_account @anonymized_account Low kick, kolano Å‚okieÄ‡, blacha na czoÅ‚o i stara leÅ¼y	1	0	FALSE
@anonymized_account Niestety obrazki bÄ™dÄ… teÅ¼ zielone, czarne i brunatne.	0	0	TRUE
KtoÅ› zaÅ‚oÅ¼yÅ‚ fejkowe konto i oglÄ…da WSZYSTKIE moje story	0	0	TRUE
@anonymized_account @anonymized_account Å»ycie, zdarza siÄ™. Jednak od takiego rzutu wolnego do gola droga doÅ›Ä‡ daleka.	0	0	TRUE
@anonymized_account a wydanie 500 tys euro gdy siÄ™ nie ma pieniÄ™dzy nie jest strzaÅ‚em w kolano ?	0	0	TRUE
@anonymized_account Wio endekdu, Å›cierwa, zdrajcy, szubienica	1	1	TRUE
@anonymized_account nie dziwie siÄ™, to byÅ‚o doÅ›Ä‡ cwane :)	0	0	TRUE
@anonymized_account Raczey! Jutro bÄ™dzie jej odczytywane przez caÅ‚y dzieÅ„ ;-)	0	0	TRUE
@anonymized_account Kto bÄ™dzie piÅ‚ te mleko, gdzie bÄ™dÄ… jeÅºdziÅ‚y tiry, meble, okna ty maly kogucie	0	0	TRUE
@anonymized_account @anonymized_account @anonymized_account @anonymized_account Nie myli siÄ™ tylko ten, co nic nie robi.	0	0	TRUE
Mama bÄ™dzie mi obcinaÄ‡ wÅ‚osy boje siÄ™	0	0	TRUE
@anonymized_account @anonymized_account @anonymized_account @anonymized_account No to muszÄ… ci nieÅºle pÅ‚aciÄ‡ za wierszÃ³wki.	0	0	TRUE
@anonymized_account czy masz info jakie obecnie Ondrasek ma zarobki w WiÅ›le?	0	0	TRUE
@anonymized_account Jaka kwota wykupienia go po roku??	0	0	TRUE
@anonymized_account @anonymized_account @anonymized_account Dla kogo pracowaÅ‚? Nie przy Å›niadaniu bo siÄ™ udÅ‚awiÄ‡ moÅ¼na z wraÅ¼enia. PoproszÄ™ 5 przykÅ‚adÃ³w zatem.	0	0	TRUE
@anonymized_account @anonymized_account @anonymized_account WidzÄ™, Å¼e dalej nie rozumiesz. No nic idÄ™ oglÄ…daÄ‡ LM. Pozdro.	0	0	TRUE
@anonymized_account @anonymized_account jeÅ›li masz TV wÅ‚Ä…czony od 8:00 do 1:00, a reklama pojawia siÄ™ 3 x na godzinÄ™, po 2 mies. jesteÅ› na granicy obÅ‚Ä™du.	0	0	TRUE
@anonymized_account @anonymized_account A co o wÅ‚oskich faszystach i wÄ™gierskich nacjonalistach?	0	0	TRUE
@anonymized_account @anonymized_account Dojenie kasy przez rzÄ…d\nKompromitacja Morawieckiego w Niemczech\nKaczyÅ„ski twÃ³rca paÅ„stwa Polskiego w 2016 roku	0	0	TRUE
@anonymized_account Jeszcze w nastepnej kolejce pewnie jakis piÄ…tek	0	0	TRUE
@anonymized_account @anonymized_account i oczywiÅ›cie byÅ‚o pytanie czy nie boi siÄ™ o przyszÅ‚oÅ›Ä‡ WisÅ‚y ğŸ˜‚ przechodzicie samych siebie	0	0	TRUE
@anonymized_account no ja wÅ‚aÅ›nie to samoXD znaczy wiem ze Emre wbija czÄ™sto, bo jego Å¼ona jest polkÄ… ale no	0	0	TRUE
@anonymized_account Nic nie mogÄ…. Ale ich brak moÅ¼e spowodowaÄ‡, Å¼e strajkujÄ…cy szybciej siÄ™ z Sejmu wyniosÄ….	0	0	TRUE
@anonymized_account @anonymized_account @anonymized_account PrzecieÅ¼ jak go zamknÄ… to o czym ty bÄ™dziesz pisaÅ‚ ? Twoje Å¼ycie straci sens...	0	0	TRUE
@anonymized_account @anonymized_account To zaraz porobie screeny od momentu od ktÃ³rego jest zablokowane :)	0	0	TRUE
@anonymized_account KtoÅ› przestaÅ‚ sÅ‚odziÄ‡, ktoÅ› kto duÅ¼o sÅ‚odziÅ‚	0	0	TRUE
@anonymized_account @anonymized_account @anonymized_account No to po co siÄ™ zgodziÅ‚ na klauzule dopiero po zakoÅ„czeniu przyszÅ‚ego sezonu, a nie od razu ?	0	0	TRUE
@anonymized_account Jest to prawda. Ale MSZ powinien. On pewnie myÅ›laÅ‚, Å¼e jest w Pisowskiej Polsce i wszystkoi wolno.ğŸ˜€ğŸ˜€ğŸ˜€	0	0	TRUE
@anonymized_account delikatnie nie po drodze :D	0	0	TRUE
@anonymized_account @anonymized_account No to 0:0 murowane (bo mam teÅ¼ ludzi z Cracovii)	0	0	TRUE
@anonymized_account MoÅ¼e ogÅ‚uszyÅ‚y go te korki od szampanÃ³w, ktÃ³re strzelaÅ‚y po podpisaniu kontraktu Sadloka z JagielloniÄ… ?	0	0	TRUE
Panie i panowie, totalna poraÅ¼ka @anonymized_account w miastach. \nT O T A L N A \nTo bardzo waÅ¼ny znak.	0	0	TRUE
RT @anonymized_account Panie i panowie, totalna poraÅ¼ka @anonymized_account w miastach. \nT O T A L N A \nTo bardzo waÅ¼ny znak.	0	0	TRUE
@anonymized_account @anonymized_account @anonymized_account @anonymized_account rÄ™ce opadaj Å¼e takich rzeczy ludzie zwiÄ…zani z futsalem nie wiedzÄ….	0	0	TRUE
@anonymized_account @anonymized_account PrzeczytaÅ‚em wszystko. Fantastycznego ma Pani Dziadka!	0	0	TRUE
@anonymized_account Na wszystko masz odpowiedÅº, Å¼yÅ‚eÅ› w tych czasach?	0	0	TRUE
@anonymized_account @anonymized_account Mr. Czarnecki. To nie hipokryzja tylko zwykÅ‚a ludzka przyzwoitoÅ›Ä‡. WidaÄ‡ Å¼e niektÃ³rym obce takie  odruchy.	0	0	TRUE
Diego Maradona - Robbie Williams 2:1.	0	0	TRUE
@anonymized_account @anonymized_account @anonymized_account Ja nie byÅ‚bym taki pewny	0	0	TRUE
@anonymized_account patrzÄ…c kogo biorÄ… to mam wÄ…tpliwoÅ›ci czy nie chcÄ… do 1 ligi (nie liczÄ…c Marciniaka)	0	0	TRUE
@anonymized_account To byÅ‚o dawno, jeszcze nie znali fotoszopa	0	0	TRUE
@anonymized_account @anonymized_account Maly murzyn, silny i zdrowy	1	0	FALSE
.@anonymized_account pojawiÅ‚ siÄ™ na TT. To konto to nie fejk. \nDoÅ‚Ä…czajcie :) ğŸ’ª	0	0	TRUE
RT @anonymized_account .@anonymized_account pojawiÅ‚ siÄ™ na TT. To konto to nie fejk. \nDoÅ‚Ä…czajcie :) ğŸ’ª	0	0	TRUE
W programie Igrzyska wolnoÅ›ci w Åodzi Å›piewanie pieÅ›ni rewolucyjnych,i piosenek z serialu,4 pancerni i pies.	0	0	TRUE
@anonymized_account no i w koÅ„cu widzÄ™ uÅ›miech :)	0	0	TRUE
@anonymized_account Jeszcze was zjemy i wysramy	1	1	TRUE
@anonymized_account lepszy argument to Å¼e ktoÅ› go nie chce bo go nie lubi	0	0	TRUE
@anonymized_account @anonymized_account Tylko Å¼e ten prostak sie nabijaÅ‚, szydziÅ‚ tak jak ze Å›mierci Piotra S.	0	0	TRUE
@anonymized_account Qwa! WypiÅ‚em kawÄ™ przed chwilÄ….Bardzo dobra kawÄ™.Nie chcÄ™ jej zwracaÄ‡. A swojÄ… drogÄ… to Å›wietny Å›rodek na wywoÅ‚anie wymiotÃ³w.	0	0	TRUE
WchodzÄ™ w powiadomienia a tu nic, juÅ¼ na 4 tt odpisaÅ‚em, zaraz wyjebiÄ… bana	0	0	TRUE
@anonymized_account nataliethere_ oddam szybciutko z powiadomieÅ„	0	0	TRUE
@anonymized_account Tak tak jeszcze ktoÅ› w to uwierzy	0	0	TRUE
@anonymized_account @anonymized_account @anonymized_account Tez musze trzymaÄ‡ poziomo tel czytajÄ…c ten artykuÅ‚	0	0	TRUE
@anonymized_account @anonymized_account @anonymized_account Czasy kiedy zaczÄ…Å‚em interesowaÄ‡ siÄ™ piÅ‚kÄ… i WisÅ‚Ä… ğŸ˜	0	0	TRUE
@anonymized_account Wy narobiliscie 30miliardow dlugow za waszych rzadow #oddajciekase	0	0	TRUE
RT @anonymized_account @anonymized_account Wy narobiliscie 30miliardow dlugow za waszych rzadow #oddajciekase	0	0	TRUE
@anonymized_account Czy @anonymized_account gotÃ³w na takÄ… kolej rzeczy?	0	0	TRUE
@anonymized_account Tak jak pisdzielstwo oÅ›miesza policjantÃ³w , to juÅ¼, nikt, nigdy bardziej nie bÄ™dzie	1	1	TRUE
@anonymized_account A kiedy przestanie wydawaÄ‡ mln na swoich ochroniarzy, tylko zacznie leczyÄ‡ u psychiatry swojÄ… maniÄ™ przeÅ›ladowczÄ…?	1	1	TRUE
@anonymized_account Pierwszy priorytet zadowoliÄ‡ Jarkacza, drugi priorytet ssaÄ‡ kasÄ™ wszystkimi otworami,  majÄ… rozdwojenie jaÅºni	1	1	TRUE
@anonymized_account Huj z wami dziennikarzami. PiÅ‚ka noÅ¼na dla kibicÃ³w a nie pseudo dziennikarzy.	1	1	TRUE
@anonymized_account E tam! To z miÅ‚oÅ›ci do ÅodziğŸ˜. I przyjdzie do PiSğŸ˜ğŸ˜	0	0	TRUE
@anonymized_account A ja, ze coÅ› znowu zepsuÅ‚am xd	0	0	TRUE
Czemu jak zawsze siÄ™ o kogoÅ› martwiÄ™ to ja dostaje po dupie, i mean nie wiem	0	0	TRUE
@anonymized_account kiedy wyjeÅ¼dÅ¼asz? ja w piÄ…tek, co prawda juÅ¼ drugi rok ale moja rodzina nadal reaguje tak samo	0	0	TRUE
"@anonymized_account @anonymized_account @anonymized_account OgraniczyÅ‚bym to do \""Byle nie Ufa\"" :)"	0	0	TRUE
@anonymized_account @anonymized_account ÅšwiÄ™ta racja, ale zapytaj Jurgiela o notatki, on wie co spierdoliÅ‚. BÄ™dzie Å‚atwiej.	1	1	TRUE
@anonymized_account @anonymized_account SzczegÃ³lnie wielka strata za SmoleÅ„sk	0	0	TRUE
@anonymized_account @anonymized_account @anonymized_account @anonymized_account daj znaÄ‡ @anonymized_account o  zdjecie blokady	0	0	TRUE
@anonymized_account @anonymized_account MyÅ›lÄ™, Å¼e po info o konferencji wielu osobom to przychodzi do gÅ‚owy.	0	0	TRUE
@anonymized_account Koniecznie! Zapraszamy na spacer z kawkÄ… ğŸ˜ƒ	0	0	TRUE
@anonymized_account bÅ‚Ä…d logiczny, te pieniÄ…dze kiedyÅ› byÅ‚y wasze, teraz juÅ¼ sa nasze i nic wam do tego towarzyszu	0	0	TRUE
RT @anonymized_account @anonymized_account bÅ‚Ä…d logiczny, te pieniÄ…dze kiedyÅ› byÅ‚y wasze, teraz juÅ¼ sa nasze i nic wam do tego towarzyszu	0	0	TRUE
@anonymized_account ZaleÅ¼y jak na to spojrzeÄ‡. Z jednej strony akredytacja, z drugiej wyjazd za swoje $$$ ğŸ˜‰	0	0	TRUE
@anonymized_account @anonymized_account albo wygrywali 1:0 z BarcelonÄ…	0	0	TRUE
@anonymized_account @anonymized_account tylko nie ZaÅ‚uska.Nie potrzeba nam takich piÅ‚karzy bez ambicji.	0	0	TRUE
@anonymized_account @anonymized_account Nic specjalnego. MoÅ¼na siÄ™ domyÅ›laÄ‡, Å¼e pewnie pÃ³jdzie na wypoÅ¼yczenie.	0	0	TRUE
Z ZagÅ‚Ä™bia HÅ‚adun i CzerwiÅ„ski w skÅ‚adzie (poraÅ¼ka 1:2), a z Legii Carlitos na kapitanie (zmiana w przerwie). Co za seria ğŸ˜‚	0	0	TRUE
@anonymized_account co chwile o nim piszecie i gadacie jaka to poraÅ¼ka jak nie zostanie.A nie pamiÄ™tacie jak jeszcze niedawno otrzymanie licencji1/2	0	0	TRUE
@anonymized_account @anonymized_account PrzecieÅ¼ TS dzierÅ¼awi ta ziemiÄ™ umowa na 99 lat zgadza siÄ™ czy nie?	0	0	TRUE
@anonymized_account Pyta siÄ™ kiedy beda nowe okulary, bo juz chce wychodziÄ‡	0	0	TRUE
@anonymized_account Probierz szuka mÅ‚odych PolakÃ³w pasuje jak ulaÅ‚ğŸ˜‰	0	0	TRUE
@anonymized_account MoÅ¼e pasuje do klucza francuskiego?ğŸ”§â˜º	0	0	TRUE
Pensja, kasa, dojenie, @anonymized_account ,ssanie kasy, ruchanie w meskie dupy, zawsze za pis, trudny teren, ciezkie warunki	0	1	FALSE
@anonymized_account Polska to nie napis na dropsie, uuuu, niedobrze, uuuuuuu	0	0	TRUE
@anonymized_account raczej ty siÄ™ powinieneÅ› jebnÄ…Ä‡ ale nie wiem czy to pomoÅ¼e	1	1	TRUE
@anonymized_account Jak narazie to sobie moÅ¼ecie kupÄ™ zrobiÄ‡. Albo hurtowo daÄ‡ dupy pedofilÃ³w w sutannach, ktÃ³rych publicznie bronicie.	1	1	TRUE
@anonymized_account Najlepiej w Polsce Å¼eby legia miaÅ‚a pomoc :-)	0	0	TRUE
Ale mam chujowy humor przez to, Å¼e nie zdaÅ‚am i jestem na siebie zÅ‚a	0	0	TRUE
Szukam osÃ³b, ktÃ³re majÄ… kontakt z rodzinÄ… gen. BuÅ‚ak-BaÅ‚achowicza. Sprawa  prywatna.	0	0	TRUE
@anonymized_account Brawo skwk za komunikat pomimo braku zakazu czekaÅ‚em na ta wiadomoÅ›Ä‡ co robiÄ‡, bo na mecz bez dopingu niemyslalem iÅ›Ä‡	0	0	TRUE
@anonymized_account @anonymized_account A ty wieÅ› kretynie CONTI jest Acta2 i czego dotyczy? Najpierw przeczytaj a potem siÄ™ wypowiadaj.	1	0	FALSE
@anonymized_account TrÄ…ba ? Nie no ostro pojechaÅ‚aÅ› :D	0	0	TRUE
"Beata #Mazurek w Sejmie na pytanie co myÅ›li o pomyÅ›le KaczyÅ„skiego o obniÅ¼kach wynagrodzeÅ„: \""Ja nic nie myÅ›lÄ™\"". To sÅ‚ychaÄ‡."	0	0	TRUE
"RT @anonymized_account Beata #Mazurek w Sejmie na pytanie co myÅ›li o pomyÅ›le KaczyÅ„skiego o obniÅ¼kach wynagrodzeÅ„: \""Ja nic nie myÅ›lÄ™\"". To sÅ‚ycâ€¦"	0	0	TRUE
Motocykle opuÅ›ciÅ‚y gniazda i kierujÄ… siÄ™ na pÃ³Å‚noc. Å»onkile na przedmieÅ›ciach to juÅ¼ tylko formalnoÅ›Ä‡. Wiosna! :-)	0	0	TRUE
@anonymized_account @anonymized_account ğŸ•µ Jest tak zakonspirowany, Å¼e go nie widaÄ‡. Fachowiec. \n(GÃ³rny, prawy rÃ³g)	0	0	TRUE
@anonymized_account Kto mieczem wojuje od pochwy ginie @anonymized_account	0	0	TRUE
@anonymized_account W jednej z powtÃ³rek byÅ‚o to dobrze widaÄ‡ :))	0	0	TRUE
@anonymized_account Kochana nie ma po co bo pÃ³Åºniej wszyscy siÄ™ bÄ™dÄ… po to kleiÄ‡ ğŸ˜‚ğŸ˜‚	0	0	TRUE
@anonymized_account @anonymized_account chyba nie miaÅ‚eÅ› siÄ™ czego przyczepiÄ‡, nie przesadzajmy :)	0	0	TRUE
@anonymized_account @anonymized_account Ale dlaczego gÅ‚upi @anonymized_account  tÅ‚umaczy to jeszcze gÅ‚upszemu @anonymized_account ?	0	1	FALSE
@anonymized_account DzwoniÅ‚am siÄ™ dowiadywaÄ‡ kiedy siÄ™ moÅ¼na wprowadzaÄ‡ ğŸ˜‚nie wiedziaÅ‚am ze takie problemy mogÄ… byÄ‡ xd	0	0	TRUE
@anonymized_account JuÅ¼ pod koniec jazdy wymusilam na rondzie.... nie wiem jak to siÄ™ staÅ‚o, mÃ³j mÃ³zg miaÅ‚ zaÄ‡mienie czy coÅ› a	0	0	TRUE
Nowe chodnikowe powiedzonko brzmi:\n\nPierdolisz jak Morawiecki, realy.\n\n@anonymized_account @anonymized_account \n\nHybryda gÅ‚upoty.	1	1	TRUE
RT @anonymized_account Nowe chodnikowe powiedzonko brzmi:\n\nPierdolisz jak Morawiecki, realy.\n\n@anonymized_account @anonymized_account \n\nHybryda gÅ‚upoty.	1	1	TRUE
Terminator X To The Edge Of Panic wykonawcy Public Enemy\nhttps://t.co/Nqf1yFOyKg	0	0	TRUE
@anonymized_account Zaspana jestem jeszcze sorki XD	0	0	TRUE
@anonymized_account @anonymized_account No ja nie kojarze xD	0	0	TRUE
@anonymized_account Pies to czasem nawet poÅ¼era ksiÄ…Å¼ki...	0	0	TRUE
Kiedy Christina wychodzi za mÄ…Å¼	0	0	TRUE
@anonymized_account @anonymized_account Zapewne ci, co grali przez wiÄ™kszoÅ›Ä‡ rundy w CLJ i nie ponieÅ›li ani jednej poraÅ¼ki.	0	0	TRUE
@anonymized_account @anonymized_account Jak bÄ™dzie ta pioseneczka to przychodzÄ™\n\nhttps://t.co/B6ak11mI4d	0	0	TRUE
@anonymized_account zamieszczanie takich zdjÄ™Ä‡ podczas gdy ja jestem na sucharach powinno byÄ‡ zabronione :)	0	0	TRUE
@anonymized_account @anonymized_account @anonymized_account A co trzeba zrobiÄ‡ w kwestii finansowania kampanii z funduszy UE przez ZiobrÄ™?	0	0	TRUE
@anonymized_account W Å›rodku Å‚amanie w stylu 2obiegu.	0	0	TRUE
jak ja siÄ™ Åºle czulem jak byÅ‚em dzieckiem w  koÅ›ciele to gÅ‚ow mala, szopka do kwadratu, nie mogÅ‚em tego wytrzymaÄ‡	0	0	TRUE
@anonymized_account @anonymized_account @anonymized_account @anonymized_account jak wrÃ³ce z pracy to teÅ¼ podejme wyzwanie ale tym razem bedzie skromnie :)	0	0	TRUE
@anonymized_account @anonymized_account @anonymized_account Jak piÄ‡ to z klasÄ… ;)	0	0	TRUE
@anonymized_account @anonymized_account Ty pajacu, zmieÅ„ sobie herb na pusty Å‚eb.	1	1	TRUE
@anonymized_account W rosji sa jakieÅ› zawody	0	0	TRUE
@anonymized_account @anonymized_account MyÅ›laÅ‚em Å¼e to TwÃ³j ulubieniec ğŸ˜‚	0	0	TRUE
@anonymized_account @anonymized_account pewnie ranking Fifa bedzie decydowal	0	0	TRUE
@anonymized_account Åukaszewicz, co Wy tam palicie?	0	0	TRUE
@anonymized_account @anonymized_account @anonymized_account Leszku mÃ³j kochany, masz mÃ³zg wyprany	1	1	TRUE
@anonymized_account a ja wspÃ³Å‚czuje zaÅ›lepienia.WolÄ™ nie mieÄ‡ Wolskiego niÅ¼ robiÄ‡ kolejne dÅ‚ugi @anonymized_account	0	0	TRUE
@anonymized_account @anonymized_account @anonymized_account od paru lat sÅ‚ysze o sponsorze wiÄ™c tym bardziej szacunek Å¼e przez pare lat siÄ™ nieujawniÅ‚...	0	0	TRUE
@anonymized_account Skoro Carrillo nie chce Sobola to tym bardziej nie bÄ™dzie chciaÅ‚ GÅ‚owy. Chyba, Å¼e trener rzeczywiÅ›cie odchodzi.	0	0	TRUE
@anonymized_account @anonymized_account @anonymized_account Zawsze bedÄ… afery bo zawsze bÄ™da tacy l ktÃ³rzy kradnÄ…  i tacy u wladzy ktÃ³rych to krÄ™ci	0	0	TRUE
@anonymized_account kot teÅ¼ siÄ™ zaÅ‚apaÅ‚ na fotke, a raczej jego dupa :)	0	0	TRUE
@anonymized_account Szczerze? TrochÄ™ tak to wyglÄ…da, a i tak prÄ™dzej czy pÃ³Åºniej ten bilans wychodzi na rÃ³wno.	0	0	TRUE
@anonymized_account zaraz bÄ™dÄ… pisaÄ‡ Å¼e WisÅ‚a szkoli kiboli Å¼eby potrafili maczetÄ… wymachiwaÄ‡ :)	0	0	TRUE
*stoi przed nimi krÃ³l gargulcÃ³w*\nbetty: to pewnie ethel\n\nXDDDDDDDDDDDDDD\n#Riverdale #RiverdalePL	0	0	TRUE
RT @anonymized_account *stoi przed nimi krÃ³l gargulcÃ³w*\nbetty: to pewnie ethel\n\nXDDDDDDDDDDDDDD\n#Riverdale #RiverdalePL	0	0	TRUE
@anonymized_account No, to ja we wÅ‚asnej osobie	0	0	TRUE
@anonymized_account SÅ‚abo trzymaÅ‚eÅ› kciuki, bo podarowaÅ‚ bramke Cracovii :)	0	0	TRUE
@anonymized_account OdstawiajÄ…c narodowoÅ›Ä‡ na bok to ten skÅ‚ad jest przecieÅ¼ sÅ‚abiutki.	0	0	TRUE
@anonymized_account @anonymized_account Piwnica bez okien, ty to masz dobrze	0	0	TRUE
CzujÄ™ siÄ™ chora wiÄ™c siedzÄ™ w domu w czapce	0	0	TRUE
@anonymized_account Juz myslaÅ‚em Å¼e coÅ› gorszegoğŸ˜ğŸ˜	0	0	TRUE
@anonymized_account @anonymized_account A gdzie Inferno napisaÅ‚, Å¼e WisÅ‚a stawia na PolakÃ³w ?	0	0	TRUE
@anonymized_account akurat Tobie bliÅ¼ej do Karolaka bo w wiÄ™kszoÅ›ci CiÄ™ wyciÄ™li ğŸ˜‚ @anonymized_account @anonymized_account @anonymized_account @anonymized_account	0	0	TRUE
@anonymized_account Omg wÅ‚aÅ›nie o nich myÅ›laÅ‚am	0	0	TRUE
@anonymized_account Tak na pewno nie bÄ™dzie. DruÅ¼yna leci w Å›rodÄ™.	0	0	TRUE
CudzysÅ‚Ã³w, przecinek nie jestem ruskim trollem	0	0	TRUE
BiorÄ…c pod uwagÄ™, jakie dotÄ…d mieliÅ›my losowania w Lidze Europy, to na ten finaÅ‚ w Baku w 2019 roku nie jesteÅ›my bez szans. ğŸ˜	0	0	TRUE
@anonymized_account @anonymized_account Fajnie, teraz zamiast przemowy muzyczka Å¼eby nie byÅ‚o sÅ‚ychaÄ‡ odzewu publiki.	0	0	TRUE
@anonymized_account @anonymized_account BiaÅ‚ystok, ulica Wierzbowa. Jak oni to zrobili, to jest zagadka.	0	0	TRUE
@anonymized_account Straszny gangster jak po wolnoÅ›ci chodzi	0	0	TRUE
@anonymized_account To siÄ™ nazywa uzaleÅ¼nienie xD	0	0	TRUE
@anonymized_account Info z ostatniej chwili barwy pogoni skrojone przez bandytÃ³w Z Krakowa.  Pomimo zakazu WisÅ‚a rzÄ…dzi	0	0	TRUE
@anonymized_account @anonymized_account Pewnie tak bo Buchalik kontuzjowany.	0	0	TRUE
@anonymized_account to miaÅ‚o jakiÅ› ciÄ…g dalszy? ğŸ˜‰	0	0	TRUE
vans do chuja przestaÅ„ robiÄ‡ choÄ‡ na chwilÄ™ zajebiste kolekcje bo w moim portfelu pieniÄ…dzen't	0	0	TRUE
RT @anonymized_account vans do chuja przestaÅ„ robiÄ‡ choÄ‡ na chwilÄ™ zajebiste kolekcje bo w moim portfelu pieniÄ…dzen't	0	0	TRUE
@anonymized_account @anonymized_account @anonymized_account @anonymized_account 12 mld nie mam zamiaru dyskutowa moÅ¼ejki i skoki	0	0	TRUE
@anonymized_account @anonymized_account Alves byÅ‚ bardzo w stylu Guardioli ğŸ˜›	0	0	TRUE
@anonymized_account Co ty Å¼resz, Å¼e ci tak pierdolnÄ™Å‚o?	1	1	TRUE
"@anonymized_account Bo w \""10\"" juÅ¼ grajÄ… przez Boatenga ;)"	0	0	TRUE
@anonymized_account @anonymized_account Trudno byÄ‡ pewnym, gdy stoperzy mogÄ… zagraÄ‡ tylko lagÄ™ do przodu, bo Å›rodka nie mamy.	0	0	TRUE
@anonymized_account @anonymized_account @anonymized_account No wÅ‚aÅ›nie, nie byÅ‚o i dlatego patologia zostaÅ‚a stosownie potraktowana.	0	0	TRUE
@anonymized_account skoro jest dno dna to moÅ¼e skupmy siÄ™ na tych od ktÃ³rych coÅ› wymagamy	0	0	TRUE
@anonymized_account Widocznie to zbyt trudna miÅ‚oÅ›Ä‡ na Walentynki ğŸ˜	0	0	TRUE
@anonymized_account Sarapata byÅ‚a w solarium ?	0	0	TRUE
@anonymized_account Woda chyba zimna bo nikogo w wodzie ;-)	0	0	TRUE
@anonymized_account ej, dobra, weÅºmie ten chrzest czy nie? xd	0	0	TRUE
@anonymized_account @anonymized_account Lub bezpoÅ›redni awans, bo nie wiadomo co ze Stomilem, a przede wszystkim BytoviÄ… :)	0	0	TRUE
@anonymized_account @anonymized_account byÅ‚am przy tym, wiÄ™c zapewniam ğŸ˜‰	0	0	TRUE
@anonymized_account @anonymized_account @anonymized_account Tylko ty masz problem z rzecznikiem, wiÄ™c zastanÃ³w siÄ™ w kim tak naprawdÄ™ jest problem? ğŸ¤”	0	0	TRUE
@anonymized_account PiÄ…tek  teÅ¼ powinien byÄ‡ wolny, ina 100%	0	0	TRUE
WassermannÃ³wna kÅ‚amie, mÃ³wiÄ…c, Å¼e â€przyszÅ‚a do politykiâ€. Ona przyjechaÅ‚a na trumnie ojca.	1	0	FALSE
RT @anonymized_account WassermannÃ³wna kÅ‚amie, mÃ³wiÄ…c, Å¼e â€przyszÅ‚a do politykiâ€. Ona przyjechaÅ‚a na trumnie ojca.	1	0	FALSE
@anonymized_account JuÅ¼ dwa lata temu powinni wygrac Euro.	0	0	TRUE
@anonymized_account Kibice innych druÅ¼yn doceniajÄ… i trochÄ™ zazdroszczÄ… :)	0	0	TRUE
@anonymized_account @anonymized_account na 100% jest zmiana ÅšlÄ…sk - Jaga i chyba zostaÅ‚a juÅ¼ potwierdzona.	0	0	TRUE
@anonymized_account W tym czasie byÅ‚ z rodzinkÄ… na wakacjach w GdaÅ„sku BrzeÅºnie to musiaÅ‚ zdalnie podtrzymywaÄ‡ zwiÄ…zek	0	0	TRUE
jak Patryk Jaki wygra wybory w Warszawie oczyÅ›ci stolicÄ™ z byÅ‚ych UBECKICH funkcjonariuszy ! #woronicza17	1	1	TRUE
RT @anonymized_account jak Patryk Jaki wygra wybory w Warszawie oczyÅ›ci stolicÄ™ z byÅ‚ych UBECKICH funkcjonariuszy ! #woronicza17	1	1	TRUE
Szkoda, Å¼e przez wymysÅ‚y Mendesa taki Ruben Neves siÄ™ marnuje w Wolverhampton.	0	0	TRUE
@anonymized_account @anonymized_account Nie wiem, aczkolwiek jego tata mÃ³wiÅ‚, Å¼e widziaÅ‚by Tomasa w Jagiellonii. ğŸ˜œ	0	0	TRUE
Ja i moje psiapsi gramy w te gry na snapie i nie mogÄ™ przestaÄ‡ siÄ™ Å›miaÄ‡ z naszych min XD	0	0	TRUE
@anonymized_account Kolar niestety ten sam poziom. Chyba trzeba bÄ™dzie liczyÄ‡ na skutecznoÅ›Ä‡ Boguskiego i MaÅ‚eckiego...	0	0	TRUE
RzÄ…d zaostrzy kary za znÄ™canie siÄ™ nad zwierzÄ™tami. Od 3-5 lat wiÄ™zienia; obowiÄ…zkowa nawiÄ…zka do 100 tys zÅ‚. WiÄ™cej jutro w @anonymized_account	0	0	TRUE
RT @anonymized_account RzÄ…d zaostrzy kary za znÄ™canie siÄ™ nad zwierzÄ™tami. Od 3-5 lat wiÄ™zienia; obowiÄ…zkowa nawiÄ…zka do 100 tys zÅ‚. WiÄ™cej jutro w @anonymized_account	0	0	TRUE
@anonymized_account @anonymized_account @anonymized_account czuje Å¼e Brlek prÄ™dzej czy pÃ³Åºniej odpali	0	0	TRUE
@anonymized_account @anonymized_account To, Å¼e figurowal jako zawodnik Man City nie znaczy, Å¼e bÄ™dzie potrafiÅ‚ graÄ‡.	0	0	TRUE
@anonymized_account @anonymized_account OczywiÅ›cie, Å¼e ma racjÄ™. Chodzi tylko o to, Å¼e to jest druÅ¼yna o klasÄ™ lub dwie lepsza.	0	0	TRUE

@anonymized_account Jaki hejt.Hejt to jest na Tuska, Komorowskiego, przecieÅ¼ to nie Polacy, Å›mierÄ‡ wrogom ojczyzny. ObudÅº siÄ™	1	1	TRUE
@anonymized_account @anonymized_account Bo sama jest niepeÅ‚nosprawna... UmysÅ‚owo.ğŸ˜ğŸ˜	1	1	TRUE
@anonymized_account @anonymized_account Mam rozumieÄ‡, Å¼e to mapa nasycenia krajÃ³w zboczeÅ„cami w sutannach.	1	1	TRUE
@anonymized_account @anonymized_account PolskÄ™ to kompromitujÄ… tacy jak ty. OszoÅ‚omie.	1	1	TRUE
@anonymized_account ğŸ˜ğŸ˜ğŸ˜ğŸ˜ğŸ˜ğŸ˜ğŸ˜ğŸ˜ @anonymized_account teraz to mnie Pani ubawiÅ‚a tym paskiem. A widziaÅ‚a Pani swojÄ… szyjÄ™?	1	1	TRUE
@anonymized_account @anonymized_account @anonymized_account Ty siÄ™ chyba debilu nie sÅ‚yszysz, ty tekstÃ³w to siÄ™ po nocach uczysz czy masz sÅ‚uchawkÄ™ w uchu?	1	1	TRUE
@anonymized_account @anonymized_account Plujecie na PolskÄ™ to my bÄ™dziemy pluÄ‡ na was.	1	1	TRUE
RT @anonymized_account @anonymized_account @anonymized_account Plujecie na PolskÄ™ to my bÄ™dziemy pluÄ‡ na was.	1	1	TRUE
@anonymized_account Cie zaraz piznÄ™, jak nie zaczniesz myÅ›leÄ‡	1	1	TRUE
@anonymized_account @anonymized_account Ty kurwa @anonymized_account nie pierdol w tv bo sie Å¼ygaÄ‡ chce	1	1	TRUE
@anonymized_account A pisdzielstwo, szczury, gady, plazy popromienne, azbestowe?	1	1	TRUE
@anonymized_account do domu bo ci rÃ³zga dupÄ™ @anonymized_account ty maÅ‚y  @anonymized_account	1	1	TRUE
"Teraz zarykam nos i mowie \""caÅ‚a polska z was sie Å›mieje, komuniÅ›ci i zlodzieje,"	1	1	TRUE
@anonymized_account Plakat widzÄ™ tak @anonymized_account z  @anonymized_account wymiana spojrzeÅ„  a @anonymized_account na kolanach liÅ¼e ich po stopach	1	1	TRUE
@anonymized_account Pana zdanie nie interesuje PolakÃ³w â—\nWypchaj siÄ™ Pan niemieckÄ…, Å›mierdzÄ…cÄ… onucÄ… â—	1	1	TRUE
RT @anonymized_account @anonymized_account Pana zdanie nie interesuje PolakÃ³w â—\nWypchaj siÄ™ Pan niemieckÄ…, Å›mierdzÄ…cÄ… onucÄ… â—	1	1	TRUE
@anonymized_account SÅ‚ugo komuny ile jeszcze jadu z Twego pyska siÄ™ wyleje?	1	1	TRUE
RT @anonymized_account @anonymized_account SÅ‚ugo komuny ile jeszcze jadu z Twego pyska siÄ™ wyleje?	1	1	TRUE
@anonymized_account @anonymized_account Oj GW i N cudowna...wy to macie pojebane w tych glÃ³wkach	1	1	TRUE
RT @anonymized_account @anonymized_account @anonymized_account Oj GW i N cudowna...wy to macie pojebane w tych glÃ³wkach	1	1	TRUE
@anonymized_account A chÄ™tnie przeczytam co tam za gÅ‚upoty pierdoli :)	1	1	TRUE
@anonymized_account Chuju bÄ™dziesz za to odpowiedzialny	1	1	TRUE
@anonymized_account @anonymized_account Ty tÄ™pa kobieto, uwaÅ¼aj na iloÅ›Ä‡ kislu.	1	1	TRUE
@anonymized_account @anonymized_account @anonymized_account Pis mial byÄ‡ inny, jesteÅ› idiotÄ…	1	1	TRUE
@anonymized_account Widze, Å¼e nawet murzyni sÄ… w fanclubie :)	1	1	TRUE
@anonymized_account @anonymized_account Ten znowu o majÄ…tku Premiera, lepiej napisz, ile w TVP zarobiÅ‚eÅ› i gdzie siÄ™ kasa z OFE POdziaÅ‚a, Lis(?)	1	0	FALSE
@anonymized_account @anonymized_account A gÃ³wno mnie obchodzi na co zgadza siÄ™ koÅ›ciÃ³Å‚. Won do Watykanu.	1	1	TRUE
@anonymized_account Pan @anonymized_account chyba chory z urojeniağŸ˜ğŸ˜ğŸ˜	1	0	FALSE
@anonymized_account @anonymized_account @anonymized_account Powinni ciÄ™ jajami obrzuciÄ‡ gnoju	1	1	TRUE
@anonymized_account Pierdolisz tyle o ojczyÅºnie to jÄ… szanuj, 1200 zÅ‚ na m-c za taksÃ³wki to nie jest szacunek,	1	1	TRUE
Ten od kulek gejszy z bÃ³lem dupy @anonymized_account nie jest przypadkiem pÅ‚ynnybpÅ‚ciowo?	1	1	TRUE
@anonymized_account Jak na wlasciciela, mi nigdy sam nie padÅ‚, pedancie	1	0	FALSE
@anonymized_account @anonymized_account @anonymized_account Lichocka, Ty gÅ‚upia i stara dupa jesteÅ›. Nikt CiÄ™ nie sÅ‚ucha i nikomu nie chce siÄ™ z TobÄ… gadaÄ‡.	1	1	TRUE
Jakubiak w @anonymized_account  stwierdziÅ‚a, Å¼e problemy PiSu sÄ… z powodu przesadzonej krytyki opozycji. PierdolniÄ™ta.	1	1	TRUE
@anonymized_account @anonymized_account @anonymized_account @anonymized_account I co Å¼e byli tumanie. Zrobili.sobie wyÅ‚Ä…cznie chwilowy lans.	1	1	TRUE
@anonymized_account Gdzie jest Zalewska??? PrzestÄ™pca i zÅ‚odziej ministrem edukacji. To tylko w pislandii. Ale spoko. Duda w poniedziaÅ‚ek uÅ‚askawi.	1	1	TRUE
@anonymized_account Z sercem na jednej dÅ‚oni i kutasem w drugiej.	1	1	TRUE
@anonymized_account @anonymized_account @anonymized_account Okrzyki nie kibola tylko powiat, ruskich Å¼ydÃ³w, ktÃ³rzy siejÄ… zament w naszej piÄ™knej Polsce	1	1	TRUE
@anonymized_account @anonymized_account MoÅ¼e kiedyÅ› osiÄ…gnÄ…Å‚, ale dzisiaj okazaÅ‚ siÄ™ pospolitym sprzedajnym gnojem.	1	1	TRUE
@anonymized_account @anonymized_account I np Å¼e moÅ¼e ciÄ™ wyruchaÄ‡ w dupsko ktoÅ› z Krakowa @anonymized_account	1	1	TRUE
Codziennie ludzie umieraja, dzieci na raka, w wypadkach, juz po chuj tej Å¼aloby	1	1	TRUE
@anonymized_account @anonymized_account KaÅ¼dy jeden klecha zrobi dla kasy wszystko i bez skrupuÅ‚Ã³w.	1	1	TRUE
@anonymized_account @anonymized_account Ida do drzewa Å¼ycia poznaÄ‡ prawdÄ™, gÅ‚upie cipy	1	1	TRUE
@anonymized_account Patrz  @anonymized_account twoja ekipa debili to robi	1	1	TRUE
@anonymized_account A zapomniaÅ‚am czerwonej zarazy nie wpuszczajÄ…	1	1	TRUE
@anonymized_account @anonymized_account @anonymized_account A co za ludÅºmi bez studiÃ³w gnoju?	1	1	TRUE
@anonymized_account Won z mojego Tarnowa pisowska zÅ‚odziejska hoÅ‚oto.	1	1	TRUE
@anonymized_account @anonymized_account @anonymized_account PrzecieÅ¼ tam nie mieszkasz, pomieszkaj,  a bÄ™dziesz mÃ³gÅ‚ szczekaÄ‡	1	1	TRUE
@anonymized_account A ja widzÄ™ taki tytuÅ‚: BrudziÅ„ski narkomanem!! ChwaliÅ‚ siÄ™ Å¼e gotuje kompot. Å»Ä…damy dymisji ministra narkomana!!!	1	1	TRUE
@anonymized_account Potraficie spierdoliÄ‡ najprostszÄ… sprawÄ™. JesteÅ›cie palantami a nie opozycjÄ…. Won z Sejmu.	1	1	TRUE
@anonymized_account Niech spierdala. PrzyszedÅ‚ z PiSu i myÅ›laÅ‚ Å¼e siÄ™ na coÅ› zaÅ‚apie, ale siÄ™ nie udaÅ‚o	1	1	TRUE
@anonymized_account Tym niepeÅ‚nosprawnym teÅ¼ pisowska gnido?	1	1	TRUE
Taki kurwa zawsze wylewny a tu @anonymized_account twarz zjeba w lustrze i zapadÅ‚a gÅ‚ucha cisza	1	1	TRUE
@anonymized_account Urban powinien siÄ™ od was uczyÄ‡. JesteÅ›cie Å¼enujÄ…ce gnojki. AÅ¼ przykro patrzeÄ‡.	1	1	TRUE
@anonymized_account @anonymized_account Å»aluzje sobie palancie koszulkÄ™ SS i.idz na marsz nazioli.	1	1	TRUE
@anonymized_account Ty zjebie pierwszy siÄ™ Å›miejesz z wyglÄ…du	1	1	TRUE
@anonymized_account Polska pijana hoÅ‚ota jest wszÄ™dzie.	1	0	FALSE
@anonymized_account @anonymized_account celny snajperski strzaÅ‚ w lewackÄ… hoÅ‚otÄ™	1	1	TRUE
@anonymized_account @anonymized_account @anonymized_account To nie jest czÅ‚owiek, to pisowskie bydle. CzÅ‚owiek takich rzeczy nie mÃ³wi. @anonymized_account	1	1	TRUE
@anonymized_account @anonymized_account @anonymized_account ale ty debil jesteÅ›, a o Twoich lajkujÄ…cych i dajÄ…cych RT nie wspomnÄ™.	1	1	TRUE
@anonymized_account Ale Å¼aden z nich nie przebiera siÄ™ za chuja, Å¼eby podkreÅ›liÄ‡ swojÄ… wÅ‚aÅ›ciwÄ… rolÄ™	1	1	TRUE
@anonymized_account @anonymized_account @anonymized_account @anonymized_account smutne jest to Å¼e on wcale nie piÅ‚ tylko po prostu jest imbecylem	1	1	TRUE
"@anonymized_account a jak bedzie po hiszpansku \""pierdolony symulant\"" ?"	1	1	TRUE
jest moc jak kurwy zabiorÄ… mi UniÄ™ EuropejskÄ… ja zabiorÄ™ im Å¼ony i dzieci	1	1	TRUE
@anonymized_account A  @anonymized_account sprzedaje biznes Å¼eby rzÄ…dziÄ‡, kurwa goÅ›Ä‡ jest chory	1	1	TRUE
@anonymized_account @anonymized_account @anonymized_account Tego kretyna obserwuje 150 tyÅ›	1	1	TRUE
I chuj mnie obchodzi, wypierdalaÄ‡	1	1	TRUE
Honor, godnoÅ›Ä‡, to jest obce dla pisdzielstwa miliardy kasy i dluga lata rzÄ…dÃ³w a wy dalej gownem smierdzicie	1	1	TRUE
PrzestanÄ™ karmiÄ‡ tego @anonymized_account swoim fejmem, bo tylko puchnie  narodowym gÃ³wnem, jak Å›winia ktÃ³ra wszystko Å¼re	1	1	TRUE
@anonymized_account @anonymized_account Wg pisowskiej sprawiedliwoÅ›ci. A kto wam.wierzy bando zÅ‚odziei i oszustÃ³w	1	1	TRUE
@anonymized_account Polacy teÅ¼ wiedzÄ…, Å¼e jednym z najwiÄ™kszych debili jest niejaki Ziemkiewicz.	1	1	TRUE
@anonymized_account @anonymized_account Jaka tv, tacy idoleğŸ˜ğŸ˜ğŸ˜ A tak trochÄ™ powaÅ¼niej, to za tÄ™ napaÅ›Ä‡ na dziewczynkÄ™ to tylko w ten pedalski ryj.	1	1	TRUE
@anonymized_account @anonymized_account Smaciarza a nie premiera. ZdradziÅ‚ PolskÄ™ z faszystami	1	1	TRUE
@anonymized_account @anonymized_account Wiem Å¼e za pochlebstwo zrobisz wszystko	1	1	TRUE
@anonymized_account @anonymized_account @anonymized_account Jakbym byÅ‚ Twoim odbiciem to bym juÅ¼ dawno skoczyÅ‚ z wysokiego mostu.	1	1	TRUE
@anonymized_account MoÅ¼e suko to komplement, goÅ›Ä‡ jest gejem	1	1	TRUE
@anonymized_account @anonymized_account @anonymized_account Wypad z mojego miasta kÅ‚amco i oszuÅ›cie.	1	1	TRUE
@anonymized_account PrzyjechaÅ‚eÅ› pajacu wyprowadziÄ‡ kolejne miliony za granicÄ™?	1	1	TRUE
@anonymized_account Ta menda Rydzyk nie chcial z nim gadaÄ‡ postrzegam na wielki plus	1	1	TRUE
@anonymized_account @anonymized_account @anonymized_account Dzieci trzeba ostrzec, Å¼e przez niego KoÅ›cielisko pedofile wciÄ…Å¼ majÄ… siÄ™ dobrze.	1	0	FALSE
@anonymized_account Bo to byÅ‚ taki zwykÅ‚y, historyczny kutas a nie porzÄ…dny prezes banku.	1	1	TRUE
@anonymized_account Wal siÄ™, mu chcemy do sejmu.	1	1	TRUE
@anonymized_account Twoje to antysemickie i kurwa antypolskie	1	1	TRUE
@anonymized_account On siÄ™ nie czepi swojej baby tylko pÃ³jdzie do filharmonii podglÄ…daÄ‡ krocze dyrygentki	1	1	TRUE
#sÅ‚owoNaNiedzielÄ™ \nZaprawdÄ™ powiadam Wam,aby wykastrowaÄ‡ ksiÄ™dza,trzeba ministranta w podbrÃ³dek kopnÄ…Ä‡.\nAmen.	1	1	TRUE
RT @anonymized_account #sÅ‚owoNaNiedzielÄ™ \nZaprawdÄ™ powiadam Wam,aby wykastrowaÄ‡ ksiÄ™dza,trzeba ministranta w podbrÃ³dek kopnÄ…Ä‡.\nAmen.	1	1	TRUE
@anonymized_account @anonymized_account Ale ten goÅ›Ä‡ wchodziÅ‚ jej w cyce i go popchnÄ™Å‚a, a liÅ›cia Å‚adnie przyjÄ™Å‚a, takÅ¼e pisdzielstwo zawsze na dnie	1	1	TRUE
@anonymized_account @anonymized_account A mnie wkurwia, Å¼e dajÄ… bogatym 300+, 500+, a dla nich nie ma mimo Å¼e kurwy pisowskiej im to obiecaÅ‚y	1	1	TRUE
@anonymized_account Åatwo oceniaÄ‡, Å›wiadczy o twoim niedojebaniu umysÅ‚owym, Kto mieczem wojuje, ten od pochwy ginie	1	1	TRUE
@anonymized_account Kiedy ten patologiczny kÅ‚amca skoÅ„czy wreszcie opluwaÄ‡ PolakÃ³w i PolskÄ™ czy niema paragrafu na tÄ™ hienÄ™?	1	1	TRUE
RT @anonymized_account @anonymized_account Kiedy ten patologiczny kÅ‚amca skoÅ„czy wreszcie opluwaÄ‡ PolakÃ³w i PolskÄ™ czy niema paragrafu na tÄ™ hienÄ™?	1	1	TRUE
KoÅ›ciÃ³Å‚ =kara jestem pogrzeb, albo wesele, cierpiÄ™ strasznie, w nic nie wierzÄ™ co mÃ³wi kutas z ambony	1	1	TRUE
@anonymized_account Tobie muszÄ… nieÅºle pÅ‚aciÄ‡ za to gÃ³wno pomyj.Nikt normalny dzieÅ„ w dzieÅ„ by nie daÅ‚ rady .	1	1	TRUE
RT @anonymized_account @anonymized_account Tobie muszÄ… nieÅºle pÅ‚aciÄ‡ za to gÃ³wno pomyj.Nikt normalny dzieÅ„ w dzieÅ„ by nie daÅ‚ rady .	1	1	TRUE
@anonymized_account @anonymized_account PojebaÅ‚o ciÄ™, normalna rodzina katolicka, pytam	1	1	TRUE
Gen Jaruzelski jast taki Å›wierzy, a KaczyÅ„ski taki Å›mierdzÄ…cy	1	1	TRUE
@anonymized_account MoÅ¼e go ktÃ³ryÅ› przeruchal w dzieciÅ„stwie i mu siÄ™ spodobaÅ‚o, to ich broni	1	1	TRUE
@anonymized_account @anonymized_account Tajna grupa na FB? ZmieÅ„cie dealera albo przestaÅ„cie Ä‡paÄ‡.	1	0	FALSE
@anonymized_account @anonymized_account Tobie matole nikt nie odpisze, bo nikt ciÄ™ nie oglÄ…da.	1	1	TRUE
@anonymized_account Ten pÅ‚aczliwy histeryk, parodii prokuratora, rozemocjonowany idiota	1	1	TRUE
